target,effect,condition_scope,category_id,trust_level,evidence_source_type,evidence_summary,source1_title,source1_url,source1_publisher,source1_type,source2_title,source2_url,source2_publisher,source2_type
오메가3(EPA·DHA),혈중 중성지방 개선,EPA와 DHA의 합으로 900mg 이상 섭취 시,1,CLINICAL_EVIDENCE,식약처 고시 기능성 원료,"식약처가 EPA·DHA 함유 유지를 건강기능식품 기능성 원료로 인정했으며, 혈중 중성지질 개선·혈행 개선 기능성이 공식적으로 확인됐다. EPA는 중성지방이 간에서 합성되는 것을 억제하는 기전이 확인돼 있다.",EPA 및 DHA 함유 유지 - 건강기능식품 기능성 원료 및 기준·규격,https://www.mfds.go.kr/brd/m_74/down.do?brd_id=ntc0003&seq=44233&data_tp=A&file_seq=1,식품의약품안전처,OFFICIAL,식품 통계 이야기 오메가3,https://www.foodsafetykorea.go.kr/portal/board/boardDetail.do?menu_no=3862&bbs_no=bbs091601&ntctxt_no=1096643&menu_grp=MENU_NEW01,식품안전나라,OFFICIAL
경구 콜라겐(가수분해 콜라겐),피부 탄력·보습 개선,8~12주 이상 경구 섭취 시,1,EXPERT_OPINION,메타분석(체계적 문헌고찰),"여러 메타분석에서 경구 콜라겐 섭취가 피부 수분·탄력을 개선시킨다는 결과가 나왔다. 다만 제조사 자금 지원을 받은 연구는 효과가 있다고 보고한 반면, 비지원·고품질 연구에서는 유의미한 효과가 확인되지 않아 근거 강도에 논란이 있다.",Effects of Oral Collagen for Skin Anti-Aging: A Systematic Review and Meta-Analysis,https://www.ncbi.nlm.nih.gov/pmc/articles/PMC10180699/,Nutrients (MDPI),META_ANALYSIS,Effects of collagen-based supplements on skin's hydration and elasticity,https://ijdvl.com/effects-of-collagen-based-supplements-on-skins-hydration-and-elasticity-a-systematic-review-and-meta-analysis/,Indian Journal of Dermatology Venereology and Leprology,META_ANALYSIS
글루코사민·콘드로이친,관절통(무릎 골관절염) 완화,무릎 골관절염 환자 대상,1,PENDING,메타분석(Cochrane),"Cochrane 리뷰에서 글루코사민·콘드로이친 모두 제제·연구 품질에 따라 결과가 엇갈렸다. 특정 제형(Rotta 제제)에서만 위약 대비 효과가 확인됐고, 그 외에는 통증·기능 개선이 통계적으로 유의하지 않았다. 단기(6개월 미만) 소폭 개선은 일부 확인되나 근거 수준은 낮음으로 평가된다.",Glucosamine for osteoarthritis,https://www.cochrane.org/evidence/CD002946_glucosamine-osteoarthritis,Cochrane,META_ANALYSIS,Chondroitin for osteoarthritis,https://www.cochrane.org/evidence/CD005614_chondroitin-osteoarthritis,Cochrane,META_ANALYSIS
레티놀(비타민A 유도체),주름 개선,12주 이상 국소 도포 시,4,EXPERT_OPINION,체계적 문헌고찰,"레티놀 함유 제품의 무작위 대조 임상시험 9건을 분석한 체계적 문헌고찰에서, 4건은 위약과 유의한 차이가 없었고 5건은 미세 주름에 약한 개선 효과가 있었으나 방법론적 결함이 지적됐다. 피부과에서 널리 권장되는 성분이지만, 처방용 트레티노인 대비 일반의약품 수준 레티놀의 고품질 임상 근거는 아직 부족하다.",Evidence for the Efficacy of Over-the-counter Vitamin A Cosmetic Products in the Improvement of Facial Skin Aging: A Systematic Review,https://jcadonline.com/efficacy-of-over-the-counter-vitamin-a/,Journal of Clinical and Aesthetic Dermatology,SYSTEMATIC_REVIEW,,,,
비타민C,감기 예방(발병률 감소),일반 인구 대상 일상적 섭취,1,COUNTER_EVIDENCE,메타분석(Cochrane),"Cochrane 리뷰(11,306명 대상, 29개 비교 연구)에서 일반 인구의 비타민C 정기 섭취는 감기 발병률을 낮추지 못했다. 다만 이미 걸린 감기의 지속 기간은 성인 8%, 소아 14% 정도 줄이는 효과가 확인됐다 — 즉 예방과 증상 기간 단축은 구분해야 한다.",Vitamin C for preventing and treating the common cold,https://www.cochrane.org/evidence/CD000980_vitamin-c-preventing-and-treating-common-cold,Cochrane,META_ANALYSIS,,,,
디톡스 티/주스 클렌즈,체중 감량 및 체내 독소 배출,단기(1~2주) 클렌즈 프로그램,2,COUNTER_EVIDENCE,문헌고찰,"간·신장이 이미 노폐물을 효율적으로 걸러내고 있어 디톡스 차가 별도로 독소를 배출한다는 근거는 없다. 단기 체중 감소는 대부분 수분·글리코겐 손실이며 지방 감소가 아니고, 탄수화물 섭취가 정상화되면 되돌아온다. 오히려 전해질 이상, 심혈관계 이상반응, 표시 성분과 실제 성분 불일치 등 부작용 사례가 보고됐다.",Safety and effectiveness of diet and detox teas for weight loss: a mini-review,https://www.frontiersin.org/journals/nutrition/articles/10.3389/fnut.2026.1777795/full,Frontiers in Nutrition,REVIEW,,,,
마그네슘,수면의 질 개선,"특별한 수면장애 진단이 없는 성인, 하루 200~500mg 섭취 시",1,PENDING,체계적 문헌고찰 및 소규모 무작위대조군연구,"관찰연구에서는 마그네슘 섭취·혈중농도와 수면의 질 사이 연관성이 보고되지만, 무작위대조군연구(RCT)는 수가 적고 결과가 엇갈린다. 2023년 발표된 체계적 문헌고찰(Biological Trace Element Research)은 관련 RCT들의 결과가 상충되어 마그네슘 보충과 수면장애 개선 사이 관계가 불확실하다고 결론지었다. 최근 마그네슘 비스글리시네이트 위약대조 RCT에서는 불면심각도지수가 소폭 개선됐으나 효과크기가 작아(Cohen's d≈0.2), 현재로선 뚜렷한 효과가 있다고 보기 어렵다.",The Role of Magnesium in Sleep Health: a Systematic Review of Available Literature,https://link.springer.com/article/10.1007/s12011-022-03162-1,Biological Trace Element Research (Springer),SYSTEMATIC_REVIEW,"Magnesium Bisglycinate Supplementation in Healthy Adults Reporting Poor Sleep: A Randomized, Placebo-Controlled Trial",https://www.tandfonline.com/doi/full/10.2147/NSS.S524348,Nature and Science of Sleep (Taylor & Francis),RCT
비타민D,골절 예방,"비타민D 결핍이나 골다공증이 없는 50세 이상 일반 성인, 하루 2000IU 장기 섭취 시",1,COUNTER_EVIDENCE,대규모 RCT (VITAL trial),"미국 성인 2만5871명을 대상으로 한 대규모 무작위대조군연구(VITAL trial, NEJM 2022)는 비타민D 결핍이나 골다공증으로 선별되지 않은 일반 중장년층이 하루 2000IU 비타민D3를 약 5년간 복용해도 전체·비척추·고관절 골절 위험이 위약군과 유의한 차이가 없다고 보고했다. 이는 '비타민D 보충제가 골절을 예방한다'는 통념과 배치되는 결과다. 다만 연구진은 이미 심한 비타민D 결핍이 있거나 골다공증 약물을 복용 중인 사람, 시설 거주 노인에게는 결과를 일반화할 수 없다고 명시했다.",Supplemental Vitamin D and Incident Fractures in Midlife and Older Adults,https://www.nejm.org/doi/full/10.1056/NEJMoa2202106,New England Journal of Medicine,RCT,,,,
아연,감기 지속기간 단축,"감기 증상 시작 24시간 이내부터, 아연 함량 75mg/일 이상 아연 로젠지 복용 시",1,CLINICAL_EVIDENCE,메타분석(Cochrane),"코크란 체계적 문헌고찰(Singh & Das, 2013, RCT 17건)은 감기 증상 발현 24시간 이내에 아연을 복용하면 감기 지속기간이 단축된다고 결론지었다. 후속 메타분석들은 하루 75mg 이상의 아연 로젠지가 감기 지속기간을 12~48%가량(평균 약 1일) 줄인다고 보고했으나, 이 효과는 저용량에서는 뚜렷하지 않고 고용량에서는 미각이상 등 부작용 위험이 커진다는 단서가 붙는다.",Zinc for the common cold,https://www.cochranelibrary.com/cdsr/doi/10.1002/14651858.CD001364.pub4/abstract,Cochrane Database of Systematic Reviews,META_ANALYSIS,"Zinc for the common cold—not if, but when",https://pmc.ncbi.nlm.nih.gov/articles/PMC3273967/,PMC (National Library of Medicine),REVIEW
코엔자임Q10,스타틴 복용에 따른 근육통 완화,"스타틴 복용 중 근육통을 겪는 환자, 하루 100~600mg을 4~12주 섭취 시",1,PENDING,메타분석(결과 상반),"2018년 JAHA에 실린 메타분석(RCT 12건, 575명)은 코엔자임Q10 보충이 스타틴 관련 근육통·근력저하·근경련을 위약 대비 유의하게 완화했다고 보고했다. 그러나 다른 메타분석은 코엔자임Q10이 근육통에 유의한 효과가 없다고 결론지어 연구마다 결과가 엇갈린다. 두 메타분석 모두 크레아틴키나아제 수치에는 유의한 변화가 없었다고 보고해, 객관적 근손상 지표보다는 주관적 통증 개선 여부에 초점이 맞춰져 있다.",Effects of Coenzyme Q10 on Statin‐Induced Myopathy: An Updated Meta‐Analysis of Randomized Controlled Trials,https://www.ahajournals.org/doi/10.1161/JAHA.118.009835,Journal of the American Heart Association,META_ANALYSIS,Effects of coenzyme Q10 supplementation on statin-induced myopathy: a meta-analysis of randomized controlled trials,https://pubmed.ncbi.nlm.nih.gov/33999383/,PubMed (National Library of Medicine),META_ANALYSIS
밀크씨슬(실리마린),만성 간질환 환자의 간 기능 개선,만성 B형·C형간염 또는 알코올성 간질환 환자 대상,1,PENDING,메타분석(Cochrane),"코크란 체계적 문헌고찰(Rambaldi 등, 2007, RCT 18건, 1088명)은 밀크씨슬(실리마린)이 알코올성 및/또는 바이러스성 간질환 환자의 사망률이나 간 관련 합병증을 유의하게 줄인다는 근거를 찾지 못했다고 결론지었다. 다만 위약군 대비 이상반응 발생률에 유의한 차이가 없어 안전성 자체는 양호하다고 평가됐다. 저자들은 기존 연구 다수의 방법론적 질이 낮다며 대규모 고품질 RCT가 추가로 필요하다고 명시했다.",Milk thistle for alcoholic and/or hepatitis B or C virus liver diseases,https://www.cochranelibrary.com/cdsr/doi/10.1002/14651858.CD003620.pub3/references,Cochrane Database of Systematic Reviews,META_ANALYSIS,,,,
루테인·지아잔틴,노인성 황반변성(AMD) 진행 억제,"중기 AMD가 있는 50~85세 성인, 루테인 10mg+지아잔틴 2mg을 매일 섭취 시",1,EXPERT_OPINION,대규모 RCT(AREDS2) 및 2차분석,"미국 국립안연구소(NEI) 주도의 AREDS2 무작위대조군연구(4203명)는 기존 AREDS 항산화제 조합에 루테인+지아잔틴을 추가해도 전체적으로 진행성 AMD 위험을 추가로 낮추지는 못했다고 결론지었다. 다만 2차분석에서는 식이 루테인·지아잔틴 섭취가 낮았던 사람들, 그리고 베타카로틴 대신 루테인·지아잔틴을 넣은 조합에서 진행 위험이 낮아지는 경향이 관찰됐다. 즉 '단독으로 AMD를 예방한다'기보다 흡연자에서 폐암 위험 논란이 있는 베타카로틴을 대체할 수 있는 안전한 항산화제 조합 성분이라는 근거가 더 정확하다.",About AREDS and AREDS2 — Age-Related Eye Disease Studies,https://www.nei.nih.gov/eye-health-information/clinical-trials/age-related-eye-disease-studies-aredsareds2/about-areds-and-areds2,National Eye Institute (NIH),OFFICIAL,Secondary analyses of the effects of lutein/zeaxanthin on age-related macular degeneration progression: AREDS2 report No. 3,https://pubmed.ncbi.nlm.nih.gov/24310343/,JAMA Ophthalmology (PubMed),RCT
철분,철결핍성 빈혈 개선,"철결핍성 빈혈로 진단된 경우, 경구 철분제를 혈색소 정상화까지(보통 6~12주) 복용 시",1,CLINICAL_EVIDENCE,국제 전문가 임상 권고안,"유럽혈액학회(EHA) 적혈구·철분 특별작업반이 2024년 HemaSphere에 발표한 권고안은 경구 철분 치료가 순응도만 유지되면 철결핍성 빈혈 교정에 효과적이며, 혈색소가 정상화될 때까지 보통 6~12주가 걸린다고 명시한다. 다만 변비·구역 등 위장관 부작용에 따른 복약순응도 저하가 치료 실패의 주요 원인으로 지적되며, 최근에는 격일 복용이나 저용량(60~80mg) 요법이 부작용을 줄이면서도 흡수율은 비슷하거나 더 나은 것으로 보고된다.","Recommendations for diagnosis, treatment, and prevention of iron deficiency and iron deficiency anemia",https://pmc.ncbi.nlm.nih.gov/articles/PMC11247274/,HemaSphere (European Hematology Association),REVIEW,,,,
비오틴,결핍이 없는 성인의 탈모·손톱 개선,생물학적 비오틴 결핍이 확인되지 않은 일반 성인,1,NO_EVIDENCE,체계적 문헌고찰,"2024년 체계적 문헌고찰(Cosmetics, MDPI)은 비오틴 결핍이 확인되지 않은 탈모 환자에서 비오틴 보충이 모발 성장에 도움이 된다는 근거가 없다고 결론지었다. 피부과 학술지(JCAD) 리뷰도 건강한 사람을 대상으로 비오틴이 모발 성장에 유익함을 보여준 연구가 없다고 명시하며, 손톱에 대한 효과 역시 소수의 저품질 소규모 연구에 근거해 신뢰하기 어렵다고 평가한다. 오히려 고용량 비오틴은 갑상선·심장 관련 혈액검사 수치를 교란시켜 오진을 유발할 수 있다는 안전성 우려도 제기된다.",Effectiveness of Biotin Supplementation for Hair Growth in Patients with Alopecia: A Systematic Review,https://www.mdpi.com/2673-6179/6/2/17,Cosmetics (MDPI),SYSTEMATIC_REVIEW,Biotin for Hair Loss: Teasing Out the Evidence,https://jcadonline.com/biotin-for-hair-loss-evidence/,The Journal of Clinical and Aesthetic Dermatology,REVIEW
크레아틴,저항운동 병행 시 근력 및 제지방량 증가,저항성 운동을 병행하며 하루 3~5g(또는 로딩 후 유지용량)을 8주 이상 섭취 시,1,CLINICAL_EVIDENCE,국제스포츠영양학회 포지션 스탠드 및 메타분석,"국제스포츠영양학회(ISSN)는 2017년 포지션 스탠드에서 크레아틴 일수화물을 가장 효과적인 운동수행능력 보충제 중 하나로 평가하며, 근력·근비대 향상에 대한 근거가 충분하다고 명시했다. 2025년 발표된 메타분석 역시 저항운동과 병행했을 때 상하체 근력과 근파워가 유의하게 증가함을 확인했지만, 운동 없이 크레아틴만 섭취할 경우에는 유의한 효과가 없어 '훈련 증폭제'로서의 성격이 강조된다.","International Society of Sports Nutrition position stand: safety and efficacy of creatine supplementation in exercise, sport, and medicine",https://link.springer.com/article/10.1186/s12970-017-0173-z,Journal of the International Society of Sports Nutrition,REVIEW,The Effects of Creatine Supplementation on Upper- and Lower-Body Strength and Power: A Systematic Review and Meta-Analysis,https://www.mdpi.com/2072-6643/17/17/2748,Nutrients (MDPI),META_ANALYSIS
엽산,임신 초기 태아 신경관결손 예방,임신 계획 최소 1개월 전부터 임신 12주까지 하루 400㎍ 섭취 시,1,CLINICAL_EVIDENCE,공중보건 공식 권고 및 역학연구,"미국 질병통제예방센터(CDC)는 가임기 여성이 임신 전후로 하루 400㎍의 엽산을 섭취하면 척추이분증·무뇌증 등 신경관결손을 50% 이상 예방할 수 있다고 명시한다. 이는 다수의 무작위대조군연구와 국가 단위 엽산 강화 정책 이후의 역학연구로 뒷받침되는, 영양보충제 중 손꼽히게 근거가 확실한 권고 중 하나다. 다만 신경관이 형성되는 임신 초기(수정 후 약 3~4주) 이전부터 충분한 엽산 농도가 확보되어야 효과가 있다는 시점 조건이 중요하다.",About Folic Acid,https://www.cdc.gov/folic-acid/about/index.html,Centers for Disease Control and Prevention (CDC),OFFICIAL,Folic Acid Supplementation to Prevent Neural Tube Defects: US Preventive Services Task Force Reaffirmation Recommendation Statement,https://www.uspreventiveservicestaskforce.org/uspstf/recommendation/folic-acid-for-the-prevention-of-neural-tube-defects-preventive-medication,US Preventive Services Task Force,OFFICIAL
셀레늄,전립선암 등 암 예방,"특별한 결핍이 없는 건강한 성인 남성, 하루 200㎍씩 장기 섭취 시",1,COUNTER_EVIDENCE,대규모 RCT (SELECT trial),"북미 3만5533명의 건강한 남성을 대상으로 한 대규모 무작위대조군연구 SELECT(JAMA, 2009)는 셀레늄(200㎍/일) 단독 보충이 위약 대비 전립선암 발생률을 낮추지 못했다고(위험비 1.04, 통계적으로 유의하지 않음) 보고했으며, 유의미한 예방 효과가 없어 시험이 조기 중단됐다. 후속 분석에서는 셀레늄이 일부 집단에서 제2형 당뇨병이나 고위험 전립선암 위험을 오히려 높일 수 있다는 우려도 제기되어, '항산화제라서 암을 예방한다'는 통념과 달리 결핍이 없는 사람에게는 이득보다 잠재적 위해가 부각된 사례로 꼽힌다.",Effect of Selenium and Vitamin E on Risk of Prostate Cancer and Other Cancers: The Selenium and Vitamin E Cancer Prevention Trial (SELECT),https://jamanetwork.com/journals/jama/fullarticle/183163,JAMA,RCT,Selenium and Prostate Cancer Prevention: Insights from the Selenium and Vitamin E Cancer Prevention Trial (SELECT),https://pmc.ncbi.nlm.nih.gov/articles/PMC3705339/,Current Oncology Reports (PMC),REVIEW
MSM(식이유황),무릎 골관절염 통증 완화,"경도~중등도 무릎 골관절염 환자, 하루 3g 안팎을 12주가량 섭취 시",1,EXPERT_OPINION,소규모 RCT 및 메타분석,"MSM과 DMSO를 함께 분석한 메타분석(RCT 3건, 326명)에서는 시각통증척도(VAS) 기준 통증 감소가 위약 대비 평균 6.34mm에 그쳐 통계적으로 유의하지 않았다. 반면 개별 소규모 RCT(예: 49명 대상 12주 연구)에서는 WOMAC 골관절염 지수 등에서 위약보다 유의한 개선이 보고되기도 했다. 전반적으로 연구 수가 적고 표본크기가 작아 효과가 있다는 신호는 있으나 확정적 결론을 내리기엔 근거 수준이 낮다는 평가가 지배적이다.",Meta-Analysis of the Related Nutritional Supplements Dimethyl Sulfoxide and Methylsulfonylmethane in the Treatment of Osteoarthritis of the Knee,https://www.ncbi.nlm.nih.gov/pmc/articles/PMC3135791/,Evidence-Based Complementary and Alternative Medicine (PMC),META_ANALYSIS,Efficacy of methylsulfonylmethane supplementation on osteoarthritis of the knee: a randomized controlled study,https://www.ncbi.nlm.nih.gov/pmc/articles/PMC3141601/,BMC Complementary Medicine and Therapies,RCT
경구 히알루론산,피부 보습·주름 개선,하루 60~120mg을 8~12주 섭취 시,1,EXPERT_OPINION,메타분석 및 RCT(제조사 후원 연구 다수),"2025년 발표된 RCT 7건을 종합한 메타분석은 경구 히알루론산 섭취가 피부 수분도와 탄력을 통계적으로 유의하게 개선하고 주름 깊이를 줄인다고 보고했다. 개별 RCT들(120mg/일, 12주 등)도 대체로 유사한 방향의 개선을 보였으나, 피부 탄력이나 경피수분손실 등 일부 지표는 유의성에 미치지 못했다. 대부분의 연구가 표본이 40~150명 수준으로 크지 않고 보충제 제조사가 연구비를 지원한 경우가 많아 독립적인 대규모 검증이 더 필요하다는 한계가 있다.","Oral Hyaluronic Acid Supplement: Efficacy in Skin Hydration, Elasticity, and Wrinkle Depth Reduction",https://jddonline.com/oral-hyaluronic-acid-supplement-efficacy-in-skin-hydration-elasticity-and-wrinkle-depth-reduction/,Journal of Drugs in Dermatology,META_ANALYSIS,"Oral Hyaluronan Relieves Wrinkles and Improves Dry Skin: A 12-Week Double-Blinded, Placebo-Controlled Study",https://www.ncbi.nlm.nih.gov/pmc/articles/PMC8308347/,Nutrients (PMC),RCT
프로바이오틱스,항생제 관련 설사 예방,항생제 복용과 동시에 시작해 항생제 복용 기간 동안 함께 섭취 시,1,CLINICAL_EVIDENCE,대규모 메타분석,"42건의 연구, 총 1만1305명을 포함한 체계적 문헌고찰 및 메타분석은 항생제와 함께 프로바이오틱스를 복용하면 성인의 항생제 관련 설사 위험이 위약 대비 약 37% 감소한다고 보고했다(위험비 0.63). 미국가정의학회(AAFP) 저널 요약본도 이 결과를 인용하며 치료 필요 환자수(NNT)가 약 20명 수준이라고 밝혔다. 다만 균주·용량·항생제 종류에 따라 결과가 달라질 수 있어 GRADE 기준 근거의 질은 '중등도'로 평가된다.",Probiotics for the Prevention of Antibiotic-Associated Diarrhea in Outpatients—A Systematic Review and Meta-Analysis,https://www.ncbi.nlm.nih.gov/pmc/articles/PMC5745464/,Mayo Clinic Proceedings (PMC),META_ANALYSIS,Probiotics for Preventing Antibiotic-Associated Diarrhea,https://www.aafp.org/pubs/afp/issues/2021/1200/od1.html,American Family Physician (AAFP),REVIEW
가르시니아 캄보지아(HCA),체중 감량,"과체중·비만 성인, 하루 1~3g 하이드록시시트르산(HCA) 섭취 시",1,NO_EVIDENCE,메타분석,"2011년 발표된 무작위대조군연구 메타분석(Journal of Obesity, RCT 12건 중 9건 통합)은 가르시니아 캄보지아(HCA)가 위약 대비 평균 0.88kg의 체중 감소를 보였다고 밝혔지만, 저자들 스스로 이는 통계적으로는 유의해도 임상적으로 의미 있는 수준은 아니라고 평가했다. 2020년 발표된 용량-반응 메타분석도 비만 지표 개선 효과가 미미하다고 결론지었으며, 일부 연구에서는 위약군보다 위장관 부작용이 2배 많이 보고되기도 했다. 즉 '체중감량에 효과적'이라는 광고성 문구를 뒷받침할 임상적으로 의미 있는 근거는 없다고 보는 것이 정확하다.",The Use of Garcinia Extract (Hydroxycitric Acid) as a Weight loss Supplement: A Systematic Review and Meta-Analysis of Randomised Clinical Trials,https://onlinelibrary.wiley.com/doi/10.1155/2011/509038,Journal of Obesity,META_ANALYSIS,Effect of Garcinia cambogia supplement on obesity indices: A systematic review and dose-response meta-analysis,https://www.sciencedirect.com/science/article/abs/pii/S0965229920303393,Phytomedicine (ScienceDirect),META_ANALYSIS
간헐적 단식(16:8),체지방 감소 및 체중 감량,과체중·비만 성인 대상,2,CLINICAL_EVIDENCE,메타분석(RCT) 및 우산리뷰,"2025년 Nutrition Journal에 실린 체계적 문헌고찰·메타분석은 과체중·비만 성인 대상 무작위대조시험들을 종합해 간헐적 단식이 체중, 체지방량 등 체성분 지표를 유의하게 개선한다고 보고했다. 2024년 eClinicalMedicine(Lancet 계열)에 실린 우산리뷰도 다수의 체계적 문헌고찰을 종합해 대체로 일관된 체중 감량 효과를 확인했다. 다만 효과 크기는 일반적인 저칼로리 식단과 비슷한 수준이며, 중성지방 등 일부 대사지표는 연구마다 결과가 엇갈려 장기적 우월성은 아직 명확하지 않다.",The impact of intermittent fasting on body composition and cardiometabolic outcomes in overweight and obese adults: a systematic review and meta-analysis of randomized controlled trials,https://pmc.ncbi.nlm.nih.gov/articles/PMC12309044/,Nutrition Journal (Springer Nature),META_ANALYSIS,Intermittent fasting and health outcomes: an umbrella review of systematic reviews and meta-analyses of randomised controlled trials,https://www.thelancet.com/journals/eclinm/article/PIIS2589-53702400098-1/fulltext,eClinicalMedicine (The Lancet),SYSTEMATIC_REVIEW
저탄고지(키토제닉) 식단,체중 감량,균형 식단과 비교 시 (근거 상충),2,PENDING,메타분석 간 상충(RCT) 및 방법론 비평,"다낭성난소증후군(PCOS) 환자 등 특정 집단 메타분석은 키토제닉 식단이 체중을 9kg 이상 크게 감소시킨다고 보고했지만, 포함된 연구 대부분이 무작위대조군 없는 전후비교 설계였다. 반면 2021년 Nutrients에 실린 체계적 문헌고찰·메타분석은 8건의 연구를 종합해 키토제닉 식단이 균형 식단 대비 체질량지수(BMI)에서 통계적으로 유의한 차이를 보이지 않았다고 결론지었다. 2024년 Foods지에 실린 방법론 비평 논문은 기존 메타분석의 상당수가 열량 섭취 통제, 케토시스 도달 여부 확인, 실제 섭취량 검증 등을 제대로 하지 않아 결과가 과대평가됐을 가능성을 지적했다.",Effect of a Ketogenic Diet on the Nutritional Parameters of Obese Patients: A Systematic Review and Meta-Analysis,https://pmc.ncbi.nlm.nih.gov/articles/PMC8467306/,Nutrients (MDPI),SYSTEMATIC_REVIEW,Methodological Challenges and Confounders in Research on the Effects of Ketogenic Diets: A Literature Review of Meta-Analyses,https://pmc.ncbi.nlm.nih.gov/articles/PMC10814162/,Foods (MDPI),REVIEW
사과식초(애플사이더비니거),체중·체지방 감소,"하루 30mL, 4~12주 섭취 시",2,PENDING,메타분석(RCT) 및 데이터 신뢰성 비판 논문,"2025년 발표된 체계적 문헌고찰·메타분석(RCT 10건, 789명)은 사과식초를 하루 30mL 섭취할 경우 체중, BMI, 허리둘레가 유의하게 감소한다고 보고했다. 그러나 이 메타분석의 근거가 된 핵심 연구(2024년 BMJ Nutrition Prevention & Health 발표) 등에 대해 별도 논문은 ""improbable data characteristics and extreme effects""라는 제목으로 통계적으로 비현실적인 체중 감소폭과 데이터 패턴을 지적하며 신뢰성에 의문을 제기했다. 메타분석 자체는 긍정적 결과를 제시하지만 기반 연구의 데이터 품질 우려가 있어 종합적 결론은 아직 유보적이다.",Effect of Apple Cider Vinegar Intake on Body Composition in Humans with Type 2 Diabetes and/or Overweight: A Systematic Review and Meta-Analysis of Randomized Controlled Trials,https://pmc.ncbi.nlm.nih.gov/articles/PMC12472926/,PMC (PubMed Central),META_ANALYSIS,Improbable data characteristics and extreme effects of apple cider vinegar on weight loss,https://pmc.ncbi.nlm.nih.gov/articles/PMC12322552/,PMC (PubMed Central),REVIEW
가르시니아 캄보지아,체중 감량(식욕 억제·지방합성 억제),,2,COUNTER_EVIDENCE,메타분석(RCT) 및 스코핑리뷰,"2011년 Journal of Obesity에 발표된 메타분석(RCT 9건 통합)은 가르시니아캄보지아(HCA)가 위약 대비 평균 0.88kg의 통계적으로 유의한 체중 감소를 보였다고 보고했지만, 엄격한 설계의 RCT만 따로 분석하면 유의성이 사라지고 임상적 의미도 의문이라고 밝혔다. 2025년 스코핑리뷰는 14건의 연구를 검토한 결과 어느 연구도 임상적으로 유의미한 체중·BMI 감소를 입증하지 못했다며, 가르시니아 제품의 체중감량 효과 주장은 확실한 근거로 뒷받침되지 않는다고 결론지었다.",Efficacy of Garcinia Cambogia (HCA) in Reducing Body Weight in Overweight and Obese Adults: A Scoping Review,https://www.auctoresonline.org/article/efficacy-of-garcinia-cambogia-hca-in-reducing-body-weight-in-overweight-and-obese-adults-a-scoping-review,Journal of Nutrition and Food Processing (Auctores),SYSTEMATIC_REVIEW,The Use of Garcinia Extract (Hydroxycitric Acid) as a Weight loss Supplement: A Systematic Review and Meta-Analysis of Randomised Clinical Trials,https://pubmed.ncbi.nlm.nih.gov/21197150/,Journal of Obesity,META_ANALYSIS
그린커피빈 추출물,체중 감량,,2,COUNTER_EVIDENCE,근거 논문 철회 및 미 FTC 제재,"그린커피빈 추출물의 체중감량 효과를 뒷받침했던 핵심 연구(2012년 Diabetes, Metabolic Syndrome and Obesity지 발표, 22주간 평균 18파운드 감량 주장)는 저자들이 스스로 데이터를 검증할 수 없다며 철회했다. 미국 연방거래위원회(FTC)는 이 연구를 후원한 Applied Food Sciences사가 연구책임자의 체중 수치 조작, 시험 기간 변경, 위약군·시험군 혼동 등 심각한 결함이 있는 연구를 근거로 광고했다며 2014년 350만 달러 배상 등에 합의했다. 유명 방송인의 홍보로 확산됐던 이 사례는 다이어트 보조제 마케팅에서 근거 조작의 대표적 사례로 꼽힌다.",Green coffee bean manufacturer settles FTC charges for pushing its product based on results it knew were seriously flawed,https://www.ftc.gov/news-events/news/press-releases/2014/09/green-coffee-bean-manufacturer-settles-ftc-charges-pushing-its-product-based-results-seriously,미국 연방거래위원회(FTC),OFFICIAL,"Dr. Oz-endorsed diet pill study was bogus, researchers admit",https://www.cbsnews.com/news/dr-oz-endorsed-green-coffee-bean-diet-study-retracted/,CBS News,REVIEW
콤부차,체중 감량 및 체지방 개선,저칼로리 식단과 병행 시 추가 효과 여부,2,NO_EVIDENCE,무작위대조시험(RCT) 및 체계적 문헌고찰,"2024년 Foods지에 발표된 10주간 무작위대조시험(과체중 성인 대상)에서 녹차 콤부차 200mL를 매일 섭취한 그룹과 대조군 모두 체중이 감소했지만, 두 그룹 간 체중·체성분 변화에는 유의한 차이가 없었다. 2021년 체계적 문헌고찰(연구 15건)은 콤부차가 산화스트레스·염증 완화와 장내미생물 조절에 도움이 될 가능성을 제시했지만, 검토된 연구 대다수가 간 손상·지방간 등 다른 지표를 다룬 동물·소규모 연구였다. 즉 콤부차 자체가 사람의 체중을 추가로 감량시킨다는 직접적 인체 근거는 아직 확인되지 않았다.","The Impact of Green Tea Kombucha on the Intestinal Health, Gut Microbiota, and Serum Metabolome of Individuals with Excess Body Weight in a Weight Loss Intervention: A Randomized Controlled Trial",https://pmc.ncbi.nlm.nih.gov/articles/PMC11594279/,Foods (MDPI),RCT,Effect of kombucha intake on the gut microbiota and obesity-related comorbidities: A systematic review,https://pubmed.ncbi.nlm.nih.gov/34698580/,Critical Reviews in Food Science and Nutrition,SYSTEMATIC_REVIEW
"차전자피(식이섬유, 프시일리움)",체중 감량,,2,PENDING,메타분석 간 상충(RCT),"일부 메타분석(RCT 6건 통합)은 차전자피(프시일리움)를 하루 평균 10.8g씩 평균 4.8개월 섭취할 경우 체중 2.1kg, BMI 0.8, 허리둘레 2.2cm 감소 등 유의한 효과가 있다고 보고했다. 그러나 2025년 Journal of Health, Population and Nutrition에 실린 더 큰 규모의 용량-반응 메타분석은 다수의 RCT를 종합한 결과 체중에 대한 유의한 감소 효과가 뚜렷하지 않다고 결론지었다. 연구별로 용량·섭취 기간·대상군이 달라 결과가 엇갈리며, 혈당·콜레스테롤 개선 효과에 비해 체중감량 근거는 상대적으로 약하다는 평가다.",Psyllium is a natural nonfermented gel-forming fiber that is effective for weight loss: A comprehensive review and meta-analysis,https://www.ovid.com/jnls/jaanp/fulltext/10.1097/jxx.0000000000000882~psyllium-is-a-natural-nonfermented-gel-forming-fiber-that-is,Journal of the American Association of Nurse Practitioners,META_ANALYSIS,The effect of psyllium consumption on anthropometric indices: a systematic review and dose-response meta-analysis of randomized controlled trials,https://link.springer.com/article/10.1186/s41043-025-01103-x,"Journal of Health, Population and Nutrition (Springer)",META_ANALYSIS
공복 유산소 운동,체지방 감소(식후 운동 대비 추가 효과),,2,NO_EVIDENCE,무작위대조시험(RCT) 및 메타분석,"공복 상태 유산소 운동은 운동 중 지방 산화율을 일시적으로 높이지만, 이것이 장기적인 체지방 감소로 이어진다는 근거는 없다. 2014년 Journal of the International Society of Sports Nutrition에 발표된 무작위대조시험(여성 20명, 4주)은 공복 운동군과 식후 운동군의 체지방 감소량에 유의한 차이가 없었다고 보고했다. 2016년 British Journal of Nutrition에 실린 체계적 문헌고찰·메타분석(RCT 5건, 96명)도 공복·식후 운동 간 체중 변화 차이가 미미하다고 결론지으며, 체지방 감소는 운동 시점보다 전체 열량 수지에 좌우된다고 강조했다.",Body composition changes associated with fasted versus non-fasted aerobic exercise,https://pmc.ncbi.nlm.nih.gov/articles/PMC4242477/,Journal of the International Society of Sports Nutrition,RCT,Effects of aerobic exercise performed in fasted v. fed state on fat and carbohydrate metabolism in adults: a systematic review and meta-analysis,https://pubmed.ncbi.nlm.nih.gov/27609363/,British Journal of Nutrition,META_ANALYSIS
원푸드 다이어트,단기 체중 감량,,2,NO_EVIDENCE,전문가 의견 및 건강정보센터 종설,"원푸드 다이어트(한 가지 음식 위주 식단)로 초기에 체중이 빠르게 줄어드는 것처럼 보이지만, 이는 대부분 체지방이 아니라 수분과 근육 손실에 의한 것으로 알려져 있다. 전문가들은 극단적 열량 제한이 기초대사량을 낮추고 근육 분해, 전해질 불균형, 영양 결핍(피부 건조, 탈모, 호르몬 불균형 등)을 유발하며, 식습관을 되돌리면 요요현상이 나타나기 쉽다고 지적한다. 원푸드 다이어트의 체중감량 효과나 안전성을 검증한 무작위대조시험은 확인되지 않으며, 대중매체·다이어트 업계에서 주로 소개되는 방법이다.","""원푸드 다이어트, 요요 유발·장기 손상 초래""… 진짜 살 빠지는 식사법은?",https://news.hidoc.co.kr/news/articleView.html?idxno=55381,하이닥(Hidoc),REVIEW,원푸드 다이어트의 허와 실,https://hqcenter.snu.ac.kr/archives/jiphyunjeon/%EC%9B%90%ED%91%B8%EB%93%9C-%EB%8B%A4%EC%9D%B4%EC%96%B4%ED%8A%B8%EC%9D%98-%ED%97%88%EC%99%80-%EC%8B%A4,서울대학교 국민건강지식센터,REVIEW
CLA(공액리놀레산) 보조제,체지방 감소,장기 섭취 시,2,PENDING,메타분석(RCT),"2012년 발표된 체계적 문헌고찰·메타분석은 CLA가 위약 대비 평균 체중 0.70kg, 체지방 1.33kg의 통계적으로 유의한 감소를 보였으나 ""장기적으로 임상적으로 의미 있는 체성분 변화를 만든다고 확신할 수 있는 근거는 아니다""라고 결론지었다. 2023년 GRADE 평가 기반 용량-반응 메타분석은 CLA 보충이 공복혈당과 간효소(AST) 수치를 유의하게 높일 수 있다고 보고해 대사적 부작용 가능성도 함께 제기됐다. 변비·설사 등 소화기 부작용도 흔히 보고되어, 작은 효과 크기 대비 잠재적 위험을 함께 고려해야 한다는 평가가 많다.",The efficacy of long-term conjugated linoleic acid (CLA) supplementation on body composition in overweight and obese individuals: a systematic review and meta-analysis of randomized clinical trials,https://www.ncbi.nlm.nih.gov/books/NBK98502/,"DARE, NCBI Bookshelf (Centre for Reviews and Dissemination, University of York)",SYSTEMATIC_REVIEW,"The effects of conjugated linoleic acid supplementation on glycemic control, adipokines, cytokines, malondialdehyde and liver function enzymes in patients at risk of cardiovascular disease: a GRADE-assessed systematic review and dose-response meta-analysis",https://www.ncbi.nlm.nih.gov/pmc/articles/PMC10552395/,PMC (PubMed Central),META_ANALYSIS
고단백(프로틴) 다이어트,체중 감량 및 포만감 증가,일반 식단 대비 단백질 비율을 높인 경우,2,CLINICAL_EVIDENCE,메타분석(RCT) 및 체계적 문헌고찰,"2021년 Nutrients에 발표된 체계적 문헌고찰·메타분석(37개 연구 종합)은 단백질 섭취 비율을 높인 식이가 대조군 대비 평균 1.6kg의 추가 체중 감소 효과를 보였다고 보고했다. 2020년 European Journal of Nutrition에 실린 체계적 문헌고찰(연구 10건, 1,079명)도 고단백 섭취가 포만감을 유의하게 높이는 것으로 나타났다고 밝혔다. 다만 저자들은 효과 크기가 개인의 혈당 조절 능력이나 유전적 요인에 따라 달라질 수 있고, 탄수화물 섭취 감소 등 다른 요인과 효과가 혼재되어 있을 가능성을 지적했다.",Are Dietary Proteins the Key to Successful Body Weight Management? A Systematic Review and Meta-Analysis of Studies Assessing Body Weight Outcomes after Interventions with Increased Dietary Protein,https://pmc.ncbi.nlm.nih.gov/articles/PMC8468854/,Nutrients (MDPI),META_ANALYSIS,Dietary protein and appetite sensations in individuals with overweight and obesity: a systematic review,https://pubmed.ncbi.nlm.nih.gov/32648023/,European Journal of Nutrition,SYSTEMATIC_REVIEW
저녁 6시 이후 금식(이른 시간제한 식이),체중 감량,총 섭취 열량이 동일하게 제한된 경우,2,PENDING,무작위대조시험(RCT),"2022년 NEJM에 발표된 1년간 무작위대조시험(비만 성인 139명)에서 오전 8시~오후 4시로 식사시간을 제한하며 열량을 제한한 군(8.0kg 감량)과 단순 열량 제한만 한 군(6.3kg 감량)을 비교한 결과, 두 군 간 체중 감소 차이는 통계적으로 유의하지 않았다(순차이 -1.8kg, 95% CI -4.0~0.4). 즉 저녁을 일찍 마치고 공복 시간을 늘리는 전략 자체가 별도의 체중감량 효과를 더하는 것이 아니라, 전체 섭취 열량이 줄어든 결과로 체중이 감소하는 것으로 나타났다. Nutrition & Diabetes에 발표된 또 다른 무작위대조시험에서도 유사한 결론이 나왔다.",Calorie Restriction with or without Time-Restricted Eating in Weight Loss,https://www.nejm.org/doi/full/10.1056/NEJMoa2114833,New England Journal of Medicine (NEJM),RCT,"Effect of time restricted eating on body weight and fasting glucose in participants with obesity: results of a randomized, controlled, virtual clinical trial",https://www.nature.com/articles/s41387-021-00149-0,Nutrition & Diabetes (Nature),RCT
MCT 오일(중쇄지방산),체중 감량,장쇄지방산(LCT) 대체 섭취 시,2,PENDING,메타분석(RCT),"2015년 Journal of the Academy of Nutrition and Dietetics에 발표된 메타분석(RCT 13건, 749명)은 중쇄지방산(MCT) 오일을 장쇄지방산(LCT) 대신 섭취할 경우 평균 0.51kg의 체중 감소와 허리둘레·체지방 일부 감소를 보였다고 보고했다. 그러나 저자들은 상당수 연구가 품질 평가에 필요한 정보가 부족했고 상업적 이해관계(기업 후원)에 따른 편향 가능성이 있다고 지적했다. 2024년 Clinical Nutrition에 실린 체계적 문헌고찰도 유사한 소폭의 효과를 재확인했지만, 절대적 효과 크기가 0.5kg 안팎으로 작아 임상적으로 체감할 만한 다이어트 효과로 보기는 어렵다는 평가다.",Effects of Medium-Chain Triglycerides on Weight Loss and Body Composition: A Meta-Analysis of Randomized Controlled Trials,https://pubmed.ncbi.nlm.nih.gov/25636220/,Journal of the Academy of Nutrition and Dietetics,META_ANALYSIS,The impact of medium-chain triglycerides on weight loss and metabolic health in individuals with overweight or obesity: A systematic review and meta-analysis,https://www.clinicalnutritionjournal.com/article/S0261-5614(24)00208-5/abstract,Clinical Nutrition,SYSTEMATIC_REVIEW
라즈베리케톤,체지방 분해 촉진 및 체중 감량,,2,NO_EVIDENCE,근거 부재(동물실험 위주) 및 안전성 검토,"라즈베리케톤의 체중감량 효과를 뒷받침하는 근거는 거의 전적으로 동물·세포 실험에서 나온 것으로, 사람을 대상으로 라즈베리케톤 단독의 효과를 검증한 무작위대조시험은 존재하지 않는다. 미국 국방부 산하 OPSS(Operation Supplement Safety)는 ""라즈베리케톤이 체중감량 보충제 성분으로서 안전하거나 효과적이라는 근거가 없다""고 명시한다. 2015년 Regulatory Toxicology and Pharmacology에 발표된 안전성 검토 논문은 시중 보충제의 권장 섭취량(1일 100~1,400mg)이 식품 첨가물로 자연 섭취되는 양의 수십~수백 배에 달해 독성 자료도 부족하다고 지적했다.",Raspberry Ketone: Dietary Supplements for Weight Loss,https://www.opss.org/article/raspberry-ketone-dietary-supplements-weight-loss,"Operation Supplement Safety (OPSS), U.S. Department of Defense",OFFICIAL,"Raspberry ketone in food supplements--High intake, few toxicity data--A cause for safety concern?",https://pubmed.ncbi.nlm.nih.gov/26160596/,Regulatory Toxicology and Pharmacology,REVIEW
곤약(글루코만난) 식이섬유,체중 감량,"저칼로리 식단과 병행, 1일 3g 섭취 시",2,PENDING,유럽식품안전청(EFSA) 공식 평가 및 메타분석(RCT),"유럽식품안전청(EFSA)은 2010년 곤약에서 추출한 글루코만난을 저칼로리 식단과 병행해 1일 3g(식전 1g씩 3회, 물 250~500mL와 함께) 섭취할 경우 체중감량에 기여한다는 건강강조표시(health claim, Q-2009-00373)를 승인했고, 이는 EU 규정 432/2012에 반영되어 있다. 그러나 2014년 Journal of the American College of Nutrition에 발표된 체계적 문헌고찰·메타분석(RCT 9건, 391명)은 전체적으로는 위약 대비 통계적으로 유의한 체중 감소를 확인하지 못했으며, 교차연구를 제외하거나 동반질환이 없는 하위군만 분석했을 때에만 작은 유의한 효과(-1.0~-1.05kg)가 나타났다고 밝혔다. 공식 건강강조표시가 존재함에도 근거 수준 자체는 제한적이라는 평가다.",Scientific Opinion on the substantiation of health claims related to konjac mannan (glucomannan) and reduction of body weight,https://www.efsa.europa.eu/en/efsajournal/pub/1798,European Food Safety Authority (EFSA),OFFICIAL,The Efficacy of Glucomannan Supplementation in Overweight and Obesity: A Systematic Review and Meta-Analysis of Randomized Clinical Trials,https://www.tandfonline.com/doi/abs/10.1080/07315724.2014.870013,Journal of the American College of Nutrition,META_ANALYSIS
강황(커큐민),무릎 골관절염 통증 및 기능 개선,"무릎 골관절염 환자, 6개월 이내 단기 사용 기준",3,CLINICAL_EVIDENCE,메타분석(RCT 체계적 문헌고찰),"무릎 골관절염 환자를 대상으로 한 15건의 무작위대조시험 메타분석에서 커큐미노이드는 위약 대비 통증(VAS)과 WOMAC 총점을 유의하게 개선시켰고, 일부 비교에서는 NSAIDs와 유사한 수준의 효과를 보였다. 다만 연구 간 이질성이 크고 추적 기간이 대부분 6개월 이내로 짧아 장기 효과와 최적 용량은 아직 불분명하며, 저자들도 신중한 임상 적용을 권고했다.",Efficacy and safety of curcuminoids alone in alleviating pain and dysfunction for knee osteoarthritis: a systematic review and meta-analysis of randomized controlled trials,https://pmc.ncbi.nlm.nih.gov/articles/PMC9580113/,BMC Complementary Medicine and Therapies,SYSTEMATIC_REVIEW,"An Investigation into the Effects of a Curcumin Extract (Curcugen®) on Osteoarthritis Pain of the Knee: A Randomised, Double-Blind, Placebo-Controlled Study",https://www.mdpi.com/2072-6643/14/1/41,Nutrients (MDPI),RCT
프로바이오틱스,과민성대장증후군(IBS) 전반 증상 완화,"균주·제제별 효과 차이가 크며, 미국소화기학회는 사용에 조건부로 반대 권고",3,PENDING,임상진료지침(ACG) 및 메타분석,"일부 메타분석(59건 RCT, 6761명)은 프로바이오틱스가 위약 대비 증상 개선 위험비 1.52로 유의한 효과를 보였다고 보고했지만, 미국소화기학회(ACG) 2021 가이드라인은 37건 시험을 검토한 뒤 근거의 질이 '매우 낮음'이라며 IBS 전반 증상 치료에 프로바이오틱스 사용을 조건부로 반대 권고했다. 균주·제제·용량이 연구마다 달라 어떤 균주가 어떤 IBS 아형에 효과적인지 특정할 수 없는 상태다.",ACG Clinical Guideline: Management of Irritable Bowel Syndrome,https://webfiles.gi.org/links/PCC/ACG_Clinical_Guideline__Management_of_Irritable.11.pdf,American College of Gastroenterology (ACG),OFFICIAL,Efficacy and Safety of Probiotics in Irritable Bowel Syndrome: A Systematic Review and Meta-Analysis,https://pmc.ncbi.nlm.nih.gov/articles/PMC7147251/,Frontiers in Pharmacology,META_ANALYSIS
마늘(보충제),경도~중등도 고혈압 환자의 수축기 혈압 감소,"고혈압 진단을 받은 성인 대상, 정상혈압자에서는 효과 미미",3,CLINICAL_EVIDENCE,메타분석(RCT),"고혈압 환자를 대상으로 한 메타분석에서 마늘 보충제(분말·추출물)는 위약 대비 수축기 혈압을 평균 8mmHg 안팎, 이완기 혈압을 4~5mmHg가량 낮췄다. 최근 갱신된 메타분석에서도 같은 방향의 유의한 효과가 재확인됐다. 다만 대부분 연구 규모가 작고 기간이 짧아 심혈관 사건 예방 효과까지 입증됐다고 보기는 이르며, 정상혈압인 사람에서는 효과가 뚜렷하지 않다.",Effect of garlic on blood pressure: A systematic review and meta-analysis,https://pmc.ncbi.nlm.nih.gov/articles/PMC2442048/,BMC Cardiovascular Disorders,META_ANALYSIS,The effect of garlic on the lowering of blood pressure in the patients with hypertension: an updated meta-analysis and trial sequential analysis,https://pmc.ncbi.nlm.nih.gov/articles/PMC12303591/,PMC (peer-reviewed journal meta-analysis),META_ANALYSIS
히비스커스차,경계성~1단계 고혈압의 수축기 혈압 감소,"치료 전 혈압이 높았던 성인에서 효과가 더 크며, 하루 2~3잔 섭취 기준 연구가 다수",3,CLINICAL_EVIDENCE,메타분석(RCT 체계적 문헌고찰),"Nutrition Reviews에 실린 체계적 문헌고찰·메타분석에서 히비스커스차는 위약 대비 수축기 혈압을 유의하게 낮췄으며, 치료 전 혈압이 높았던 사람일수록 감소폭이 컸다. 다른 메타분석에서도 수축기·이완기 혈압이 각각 4~7mmHg가량 감소하는 것으로 나타났지만, 최적 용량·섭취 기간에 대한 합의는 아직 부족하고 항고혈압제를 대체할 수 있는 수준은 아니다.",A systematic review and meta-analysis of the effects of Hibiscus sabdariffa on blood pressure and cardiometabolic markers,https://academic.oup.com/nutritionreviews/article/80/6/1723/6470525,Nutrition Reviews (Oxford University Press),META_ANALYSIS,The efficacy of sour tea (Hibiscus sabdariffa L.) on selected cardiovascular disease risk factors: A systematic review and meta-analysis of randomized clinical trials,https://pubmed.ncbi.nlm.nih.gov/31943427/,Phytotherapy Research,META_ANALYSIS
계피(시나몬),제2형 당뇨 환자의 공복혈당 감소,"공복혈당 수치에 한정된 효과이며, 장기 혈당조절 지표인 당화혈색소(HbA1c) 개선 근거는 부족함",3,PENDING,"메타분석(RCT), 연구 간 이질성 큼","Annals of Family Medicine에 실린 메타분석(16건 RCT, 638명)은 계피 섭취가 공복혈당·총콜레스테롤·중성지방을 유의하게 낮췄다고 보고했지만, 당뇨 관리의 핵심 장기 지표인 당화혈색소(HbA1c)에는 유의한 효과가 없었다. 이후 발표된 메타분석들도 계피 종류(카시아 vs 실론)와 용량 편차가 커 결과가 일관되지 않으며, 당뇨병 관리 수단으로 권고하기엔 근거가 아직 부족하다.",Cinnamon Use in Type 2 Diabetes: An Updated Systematic Review and Meta-Analysis,https://www.annfammed.org/content/11/5/452,Annals of Family Medicine,META_ANALYSIS,Cinnamon intake lowers fasting blood glucose: meta-analysis,https://www.ncbi.nlm.nih.gov/books/NBK82829/,"Centre for Reviews and Dissemination (DARE), NCBI Bookshelf",SYSTEMATIC_REVIEW
사과식초,식후 혈당 및 인슐린 반응 완화,"대부분 단일 식사 내 급성 효과를 본 소규모 단기 연구이며, 사과식초를 특정해 검증한 장기 연구는 적음",3,PENDING,메타분석 및 소규모 RCT,"식초 섭취가 식후 혈당·인슐린 곡선하면적(AUC)을 유의하게 줄인다는 메타분석 결과가 있으며, 제2형 당뇨 환자 80명 대상 소규모 RCT에서도 8주간 사과식초 섭취군의 공복혈당·당화혈색소가 유의하게 개선됐다. 다만 대부분 연구가 표본 수가 작고 기간이 짧아 사과식초를 당뇨병 관리 보조 수단으로 일반화하기는 이르며, 원액을 희석 없이 마실 경우 치아 부식·식도 자극 위험도 있다.",Vinegar consumption can attenuate postprandial glucose and insulin responses; a systematic review and meta-analysis of clinical trials,https://pubmed.ncbi.nlm.nih.gov/28292654/,Diabetes Research and Clinical Practice,META_ANALYSIS,"The improvement effect of apple cider vinegar as a functional food on anthropometric indices, blood glucose and lipid profile in diabetic patients: a randomized controlled clinical trial",https://pmc.ncbi.nlm.nih.gov/articles/PMC10679383/,Frontiers in Clinical Diabetes and Healthcare,RCT
크랜베리(주스·보충제),재발성 요로감염(방광염) 예방,"재발성 요로감염이 있는 여성과 소아, 방광 시술 후 취약군에 한해 효과가 확인됨(노인 요양시설 거주자·임신부·신경인성방광 환자는 효과 없음)",3,CLINICAL_EVIDENCE,메타분석(Cochrane),"2023년 개정된 Cochrane 리뷰(50건 연구, 8857명)는 크랜베리 제품이 재발성 요로감염이 있는 여성(위험비 0.74)과 소아(위험비 0.46), 방광 시술 후 취약군(위험비 0.47)에서 증상성·배양확인 요로감염 위험을 중등도 확실성으로 낮췄다고 결론지었다. 그러나 요양시설 노인, 임신부, 신경인성방광 환자에서는 유의한 효과가 없었고, 항생제와 비교했을 때는 차이가 거의 없었다.",Cranberries for preventing urinary tract infections,https://www.cochranelibrary.com/cdsr/doi/10.1002/14651858.CD001321.pub7/full,Cochrane Database of Systematic Reviews,META_ANALYSIS,Cranberries for preventing urinary tract infections,https://www.cochrane.org/evidence/CD001321_cranberries-preventing-urinary-tract-infections,Cochrane (plain-language summary),REVIEW
아연(보충제),감기 증상 지속 기간 단축,감기 증상 시작 후 치료 목적 복용 시에 한함(예방 목적 복용은 효과 없음),3,PENDING,"메타분석(Cochrane), 근거 확실성 낮음","2024년 Cochrane 리뷰(치료 8건·972명, 예방 15건 분석)는 아연을 감기 증상 발생 후 복용하면 평균 약 2일 정도 감기 기간이 짧아질 수 있다는 저확실성 근거를 제시했지만, 연구마다 아연 종류·용량·투여법이 달라 결론이 불확실하다고 밝혔다. 예방 목적 복용은 위약과 차이가 없었고, 구역·불쾌한 맛 등 위장관 부작용도 흔해 연구진 스스로 '아직 확실히 결론 내리기 이르다'고 평가했다.",Zinc for prevention and treatment of the common cold,https://www.cochranelibrary.com/cdsr/doi/10.1002/14651858.CD014914.pub2/full,Cochrane Database of Systematic Reviews,META_ANALYSIS,Inconclusive evidence suggests zinc may slightly shorten common cold,https://www.cochrane.org/about-us/news/inconclusive-evidence-suggests-zinc-may-slightly-shorten-common-cold,Cochrane,REVIEW
멜라토닌,불면증 수면잠복기 단축 및 수면의 질 개선,효과 크기는 작음(평균 입면시간 약 7분 단축); 소아·청소년 불면증에서 더 뚜렷하고 성인 만성 불면증에서는 효과가 제한적,3,CLINICAL_EVIDENCE,메타분석(RCT),"19건의 무작위대조시험(1683명)을 분석한 메타분석에서 멜라토닌은 위약 대비 수면잠복기를 평균 7분가량 유의하게 단축시키고 총 수면시간과 수면의 질도 통계적으로 유의하게 개선시켰다. 다만 절대적인 효과 크기는 벤조디아제핀 계열 수면제보다 작으며, 비동반질환 성인 불면증에서는 효과가 뚜렷하지 않다는 후속 연구도 있어 '부작용이 적은 보조 수단' 정도로 이해하는 것이 적절하다.",Meta-Analysis: Melatonin for the Treatment of Primary Sleep Disorders,https://pmc.ncbi.nlm.nih.gov/articles/PMC3656905/,PLoS ONE,META_ANALYSIS,Melatonin for the Treatment of Insomnia: A 2022 Update,https://www.ncbi.nlm.nih.gov/books/NBK605080/,NCBI Bookshelf,REVIEW
오메가3 지방산,경도~중등도 우울 증상 개선 보조,"EPA 비율 60% 이상, 저용량(하루 1g 이하) 제제에서 주로 유의했고 DHA 위주 제제는 효과 없음; 연구 간 이질성이 매우 큼",3,PENDING,"메타분석(RCT), 이질성 높음","Translational Psychiatry에 실린 메타분석은 오메가3 지방산이 우울 증상을 위약보다 유의하게 개선시켰다고 보고했지만, 효과 크기는 작음~중간 수준(표준화 평균차 -0.28)에 그쳤고 연구 간 이질성 지표(I²)가 75%에 달할 정도로 결과 편차가 컸다. EPA 비율이 높고 저용량인 제제에서만 뚜렷한 효과가 나타나 특정 제제·용량 조건을 만족해야 하며, 우울증 표준 치료를 대체할 근거는 아니다.",Efficacy of omega-3 PUFAs in depression: A meta-analysis,https://pmc.ncbi.nlm.nih.gov/articles/PMC6683166/,Translational Psychiatry,META_ANALYSIS,,,,
비타민D,급성호흡기감염 예방,"특히 혈중 비타민D 농도가 낮았던 사람에서 효과가 뚜렷했고, 매일 또는 매주 저용량으로 나눠 투여할 때 효과가 있었음(고용량을 간헐적으로 투여하는 방식은 효과 없음)",3,CLINICAL_EVIDENCE,"메타분석(개별참가자 데이터, BMJ)","2017년 BMJ에 실린 개별참가자 데이터 메타분석(RCT 25건, 1만1천여 명)은 비타민D 보충이 급성호흡기감염 위험을 전반적으로 낮췄으며, 특히 기저 비타민D 결핍자에서 효과가 뚜렷했다고 밝혔다. 2021년 갱신된 집계자료 메타분석(37건)에서도 통계적으로 유의한 예방 효과(오즈비 0.92)가 재확인됐지만, 효과 크기는 크지 않고 고용량을 간헐적으로 투여하는 방식에서는 이득이 없었다.",Vitamin D supplementation to prevent acute respiratory tract infections: systematic review and meta-analysis of individual participant data,https://www.bmj.com/content/356/bmj.i6583,The BMJ,META_ANALYSIS,Vitamin D supplementation to prevent acute respiratory infections: a systematic review and meta-analysis of aggregate data from randomised controlled trials,https://www.sciencedirect.com/science/article/pii/S2213858721000516,The Lancet Diabetes & Endocrinology,META_ANALYSIS
에키네시아,감기 예방 및 치료,예방·치료 목적 모두 임상적으로 의미 있는 효과가 통계적으로 확인되지 않음,3,NO_EVIDENCE,메타분석(Cochrane),"Cochrane 리뷰(24건 시험, 4631명)는 에키네시아 제제가 감기 예방에 통계적으로 유의한 효과를 보이지 못했으며, 치료 목적으로도 '임상적으로 의미 있는 치료 효과에 대한 근거는 약하다'고 결론지었다. 예방 시험들이 대체로 긍정적인 방향을 보이긴 했으나 통계적 유의성에 도달하지 못했고, 제품마다 제조 방식과 성분이 크게 달라 명확한 결론을 내리기 어려웠다.",Echinacea for preventing and treating the common cold,https://www.cochranelibrary.com/cdsr/doi/10.1002/14651858.CD000530.pub3/full,Cochrane Database of Systematic Reviews,META_ANALYSIS,Echinacea for preventing and treating the common cold,https://www.cochrane.org/evidence/CD000530_echinacea-preventing-and-treating-common-cold,Cochrane (plain-language summary),REVIEW
생강,임신 초기 입덧(오심) 완화,"오심(메스꺼움) 완화 효과는 유의했으나 구토 횟수 감소는 유의하지 않았고, 하루 1500mg 미만 저용량이 더 효과적인 경향",3,CLINICAL_EVIDENCE,메타분석(RCT),"Nutrition Journal에 실린 메타분석은 생강이 위약 대비 임신 초기 오심 증상을 유의하게 개선시켰다고 보고했으나, 구토 횟수 자체를 유의하게 줄이지는 못했다. Cochrane의 임신 초기 오심·구토 중재 리뷰(41건, 5449명) 역시 생강을 포함한 여러 중재의 근거 수준이 전반적으로 낮다고 평가했지만, 생강은 유산 위험 증가 없이 비교적 안전한 것으로 나타나 '해가 적고 효과 가능성이 있는' 선택지로 평가된다.",A systematic review and meta-analysis of the effect and safety of ginger in the treatment of pregnancy-associated nausea and vomiting,https://pmc.ncbi.nlm.nih.gov/articles/PMC3995184/,Nutrition Journal,META_ANALYSIS,Interventions for nausea and vomiting in early pregnancy,https://www.cochranelibrary.com/cdsr/doi/10.1002/14651858.CD007575.pub4/full,Cochrane Database of Systematic Reviews,SYSTEMATIC_REVIEW
콜라겐 보충제,무릎 골관절염 통증 완화,포함된 임상시험 대부분이 비뚤림 위험이 높고 규모가 작아(507명 규모) 확증적 근거로 보기 어려움,3,PENDING,"메타분석(RCT), 비뚤림 위험 높음","무릎 골관절염 환자 507명을 포함한 4건의 RCT 메타분석에서 콜라겐 펩타이드는 위약 대비 통증을 유의하게 줄였다(표준화 평균차 -0.58). 그러나 포함된 모든 시험이 ROB 2.0 평가에서 '비뚤림 위험 높음'으로 분류됐고 근거의 확실성도 통증 지표는 '중간', 이상반응 지표는 '매우 낮음'에 그쳐, 저자들도 잘 설계된 대규모 후속 연구가 필요하다고 명시했다.",Analgesic efficacy of collagen peptide in knee osteoarthritis: a meta-analysis of randomized controlled trials,https://pmc.ncbi.nlm.nih.gov/articles/PMC10505327/,Journal of Orthopaedic Surgery and Research,META_ANALYSIS,Are Collagen Supplements Helpful for Arthritis?,https://www.arthritis.org/health-wellness/treatment/complementary-therapies/supplements-and-vitamins/can-collagen-supplements-help-arthritis,Arthritis Foundation,REVIEW
디톡스 주스/클렌즈,체내 독소 배출 촉진,특정 독소를 제거한다는 주장을 뒷받침하는 임상 근거 없음,3,NO_EVIDENCE,전문가 리뷰 및 보건기관 자료,"미국 국립보완통합보건센터(NCCIH)는 디톡스·클렌즈 제품과 다이어트가 체내 독소를 제거한다는 주장을 뒷받침할 만한 설득력 있는 연구가 없다고 명시하고 있으며, 간·신장·폐·피부 등은 별도의 '디톡스' 없이도 지속적으로 노폐물을 제거한다고 설명한다. MD 앤더슨 암센터 등 의료기관도 디톡스 주스가 초기 체중 감소를 보이더라도 이는 단순한 칼로리 제한 효과이며, 오히려 식이섬유 부족으로 장내 미생물 균형을 해칠 수 있다고 경고한다.","""Detoxes"" and ""Cleanses"": What You Need To Know",https://www.nccih.nih.gov/health/detoxes-and-cleanses-what-you-need-to-know,NCCIH (미국 국립보완통합보건센터),OFFICIAL,The Facts Behind 5 Detox Myths: Should You Detox Your Body?,https://www.mdanderson.org/cancerwise/the-facts-behind-5-detox-myths-should-you-detox-your-body.h00-159856923.html,MD Anderson Cancer Center,REVIEW
나이아신아마이드,색소침착(기미) 개선 및 피지 조절,"4~5% 농도, 8주 이상 도포 시",4,CLINICAL_EVIDENCE,"무작위대조시험(RCT, split-face)","기미(멜라스마) 환자 27명을 대상으로 한 8주 이중맹검 스플릿페이스 RCT에서 4% 나이아신아마이드 크림을 4% 하이드로퀴논과 비교한 결과, MASI 점수가 나이아신아마이드 도포 측에서 62%, 하이드로퀴논 측에서 70% 감소했으며 '양호~우수' 개선을 보인 환자 비율은 각각 44%, 55%로 큰 차이가 없었다. 조직검사에서도 표피 멜라닌 및 비만세포 침윤 감소가 확인됐고, 부작용은 나이아신아마이드군(18%)이 하이드로퀴논군(29%)보다 적었다. 다만 27명 규모의 단일 스플릿페이스 연구로, 더 큰 규모의 재현 연구가 뒷받침되면 좋다.","A Double-Blind, Randomized Clinical Trial of Niacinamide 4% versus Hydroquinone 4% in the Treatment of Melasma",https://pmc.ncbi.nlm.nih.gov/articles/PMC3142702/,Dermatology Research and Practice (Hindawi),RCT,,,,
비타민C(아스코르빈산) 세럼,광노화 개선(잔주름·피부결) 및 색소침착 완화,"5~15% 농도, 12주 이상 사용 시",4,CLINICAL_EVIDENCE,체계적 문헌고찰(RCT 7건 종합),"2023년 Journal of Cosmetic Dermatology에 게재된 체계적 문헌고찰은 기미·광노화 환자를 대상으로 한 RCT 7건(총 139명)을 분석해 국소 비타민C가 피부 미백·보습·피부결 개선에 유의한 효과가 있음을 확인했다. Q스위치 Nd:YAG 레이저와 병용 시 효과가 더 크게 나타났으나, 최적 농도에 대한 합의는 아직 없다는 한계가 제시됐다. 개별 RCT(Humbert 2003)에서도 5% 비타민C 크림을 6개월간 도포한 군이 위약군보다 피부 결과 잔주름이 유의하게 개선됐다.",Efficacy of topical vitamin C in melasma and photoaging: A systematic review,https://pubmed.ncbi.nlm.nih.gov/37128827/,Journal of Cosmetic Dermatology (Wiley),SYSTEMATIC_REVIEW,"Topical ascorbic acid on photoaged skin. Clinical, topographical and ultrastructural evaluation: double-blind study vs. placebo",https://onlinelibrary.wiley.com/doi/abs/10.1034/j.1600-0625.2003.00008.x,Experimental Dermatology (Wiley),RCT
히알루론산 세럼,피부 보습(각질층 수분량 증가),"저분자량 히알루론산, 4주 이상 도포 시",4,CLINICAL_EVIDENCE,무작위대조시험(RCT),"인도네시아 요양원 노인 36명을 대상으로 한 이중맹검 RCT에서 저분자량(LMWHA)·고분자량(HMWHA) 히알루론산 로션과 기제(vehicle)를 부위별로 나누어 4주간 도포한 결과, LMWHA 도포 부위의 피부 수분량(capacitance)이 HMWHA(56.37 대 52.37, p=0.004) 및 기제(56.37 대 49.01, p<0.001)보다 유의하게 높았다. 분자량에 따라 효과 차이가 크고, 연구 대상이 건조피부 노인으로 한정되어 일반 피부로의 외삽에는 주의가 필요하다.","Effectiveness of topical hyaluronic acid of different molecular weights in xerosis cutis treatment in elderly: a double-blind, randomized controlled trial",https://pubmed.ncbi.nlm.nih.gov/38829483/,PubMed (National Library of Medicine),RCT,,,,
판테놀,피부장벽 회복 및 보습(경피수분손실 감소),"1% 이상 농도 제형, 3주 사용 시",4,CLINICAL_EVIDENCE,"무작위대조시험(RCT, 개체 내 비교)","건강한 성인을 대상으로 한 두 건의 무작위 개체 내 비교(intra-individual) 연구에서 판테놀 함유 에멀전을 계면활성제(SDS)로 손상시킨 피부와 정상 피부에 3주간 도포한 결과, 경피수분손실(TEWL)이 유의하게 감소하고 각질층 지질 라멜라 구조가 개선됐다. 연구진은 제형 내 1% 판테놀 농도만으로도 장벽 회복 효과를 보이기에 충분하다고 밝혔다. 다만 연구가 해당 제품 개발사 후원으로 진행되어 이해상충 가능성이 있다.","A new topical panthenol-containing emollient: Results from two randomized controlled studies assessing its skin moisturization and barrier restoration potential, and the effect on skin microflora",https://www.tandfonline.com/doi/full/10.1080/09546634.2016.1214235,Journal of Dermatological Treatment (Taylor & Francis),RCT,,,,
세라마이드,아토피·건조피부의 피부장벽 개선,"세라마이드 함유 보습제, 4주간 매일 사용 시",4,EXPERT_OPINION,전문가 합의 + RCT(우월성 근거 불명확),"아토피피부염 환자는 각질층 세라마이드가 감소되어 있어 세라마이드 보충이 장벽 기능 회복에 도움이 된다는 기전은 피부과학적으로 잘 확립되어 있다. 그러나 중등도 습진 성인을 대상으로 세라마이드 함유 크림과 일반 보습제를 비교한 무작위대조시험에서는 두 군 모두 EASI(습진중증도) 점수가 유의하게 감소했지만, 28일째 두 군 간에는 유의한 차이가 없었다. 즉 세라마이드 보습제의 이론적 근거는 강하지만, 일반 보습제 대비 임상적 우월성을 입증한 근거는 아직 제한적이다.",A daily regimen of a ceramide-dominant moisturizing cream and cleanser restores the skin permeability barrier in adults with moderate eczema: A randomized trial,https://onlinelibrary.wiley.com/doi/10.1111/dth.14970,Dermatologic Therapy (Wiley),RCT,,,,
펩타이드(팔미토일 펜타펩타이드),주름 개선(광노화 개선),"팔미토일 펜타펩타이드 함유 제형, 12주 이상 도포 시",4,PENDING,"RCT(업계 후원 다수, 재현성 미확립)","팔미토일 펜타펩타이드(Matrixyl)는 화장품 펩타이드 중 상대적으로 임상시험이 많이 이루어진 편으로, 스플릿페이스 RCT 등에서 위약 대비 주름 깊이·피부결이 개선됐다는 보고가 있다. 그러나 2018년 문헌고찰에 따르면 보고된 개선 효과는 기저치 대비 10~30% 수준으로 중간 정도이며, 다수 연구가 원료 제조사 후원으로 진행돼 이해상충 소지가 있고 피부 투과 깊이에 대한 의문도 해소되지 않았다. 마케팅에서 강조하는 만큼의 극적 효과보다는 제한적·점진적 개선으로 해석하는 것이 타당하다.",Topical palmitoyl pentapeptide provides improvement in photoaged human facial skin,https://pubmed.ncbi.nlm.nih.gov/18492182/,International Journal of Cosmetic Science (PubMed),RCT,,,,
코엔자임Q10(유비퀴논),항산화 및 주름 개선,"0.1~1% 농도, 2~6개월 사용 시",4,PENDING,문헌고찰(핵심 근거 일부 미공개),"2024년 Journal of Clinical and Aesthetic Dermatology 문헌고찰에 따르면 국소 코엔자임Q10은 항산화 기전과 함께 2~4주 사용 후 주름 깊이·피부결·탄력이 개선됐다는 소규모 연구들(대상자 20~41명 수준)이 존재한다. 그러나 저자들은 가장 강력한 최근 근거 3건이 미공개(unpublished) 자료에 의존하고 있어 독립적 검증이 어렵다는 점을 명시적으로 지적하며, 추가적인 공개 임상시험이 필요하다고 결론지었다.",The Role of Coenzyme Q10 in Skin Aging,https://jcadonline.com/coenzyme-q10-in-skin-aging/,Journal of Clinical and Aesthetic Dermatology (JCAD),REVIEW,,,,
AHA/BHA 각질제거(글리콜산/살리실산),각질 제거 및 여드름·모공 개선,"글리콜산 30~40%, 살리실산 20~30% 필링, 반복 시술 시",4,CLINICAL_EVIDENCE,체계적 문헌고찰 및 다수 RCT,"2024년 Clinical, Cosmetic and Investigational Dermatology 종합 문헌고찰과 개별 스플릿페이스 RCT들에 따르면 글리콜산(AHA)과 살리실산(BHA) 필링은 여드름 병변 수 감소, 면포 개선, 색소침착 완화에 유의한 효과를 보인다. 30% 살리실산 필링은 6회 반복 시술 시 면포를 88~90% 감소시켰고, 40% 글리콜산 필링도 중등도 여드름에서 유의한 개선을 보였다. 다만 저자들은 치료 효과를 극대화하면서 부작용을 최소화하는 '최적 농도'가 아직 명확히 정립되지 않았다고 지적한다.",Evaluating the Efficacy and Safety of Alpha-Hydroxy Acids in Dermatological Practice: A Comprehensive Clinical and Legal Review,https://pmc.ncbi.nlm.nih.gov/articles/PMC11268769/,"Clinical, Cosmetic and Investigational Dermatology",SYSTEMATIC_REVIEW,"Clinical evaluation of glycolic acid chemical peeling in patients with acne vulgaris: a randomized, double-blind, placebo-controlled, split-face comparative study",https://pubmed.ncbi.nlm.nih.gov/24447110/,PubMed (National Library of Medicine),RCT
"병풀추출물(마데카소사이드, 센텔라아시아티카)",피부 재생 및 시술 후 상처 회복 촉진,"0.05% 표준화 추출물, 레이저 시술 후 3개월 도포 시",4,CLINICAL_EVIDENCE,무작위대조시험(스플릿페이스),"안면 레이저 재표면화 시술을 받은 환자 30명을 대상으로 한 이중맹검 스플릿페이스 RCT에서 0.05% 센텔라아시아티카 표준화 추출물 젤을 한쪽에, 위약 젤을 반대쪽에 시술 후 최대 3개월간 도포한 결과, 치료 측에서 홍반 지수가 추적 기간 내내 유의하게 낮았다. 마데카소사이드는 상피성장인자 자극을 통한 상처 치유 촉진 기전이 실험적으로 뒷받침된다. 다만 표본 수가 30명으로 크지 않아 대규모 재현 연구가 뒷받침되면 근거가 더 탄탄해질 것이다.","The Effects of a Standardized Extract of Centella asiatica on Postlaser Resurfacing Wound Healing on the Face: A Split-Face, Double-Blind, Randomized, Placebo-Controlled Trial",https://pubmed.ncbi.nlm.nih.gov/32310680/,PubMed (National Library of Medicine),RCT,,,,
알부틴,미백(색소침착 개선),2~5% 농도(식약처 미백 기능성 고시 기준),4,CLINICAL_EVIDENCE,식약처 고시 미백 기능성 성분 + 문헌고찰,"알부틴은 대한민국 식품의약품안전처가 고시한 미백 기능성 화장품 원료로, 2~5% 농도 범위에서 미백 기능성을 인정받는다. 2021년 Antioxidants지 리뷰에 따르면 알부틴은 티로시나아제 직접 억제와 항산화 작용을 통해 미백 효과를 나타내며, 관련 임상시험에서 자외선 유발 색소침착을 34% 감소시켰다는 보고가 있다. 다만 저자는 알부틴·알파알부틴 제형 간 결과가 일관되지 않고, 임상 데이터보다 시험관 내(in vitro) 연구가 더 많다는 한계도 지적한다.",미백·주름개선 화장품 성분함량 고시,http://www.bosa.co.kr/news/articleView.html?idxno=791,의학신문(식약처 고시 보도),OFFICIAL,Arbutin as a Skin Depigmenting Agent with Antimelanogenic and Antioxidant Properties,https://pmc.ncbi.nlm.nih.gov/articles/PMC8301119/,Antioxidants (MDPI),REVIEW
콜라겐 크림(국소도포),"피부 탄력·주름 개선(""콜라겐 보충"")",비가수분해 콜라겐 함유 크림,4,COUNTER_EVIDENCE,피부 투과 기전 연구/문헌고찰,"천연(비가수분해) 콜라겐은 분자량이 약 300,000 Da로, 각질층을 통과할 수 있는 상한선으로 알려진 '500 Da 법칙'보다 약 600배 크다. 2020년 Materials지 리뷰에 따르면 국소 콜라겐 크림은 진피까지 도달해 콜라겐 합성을 '보충'하는 것이 아니라, 피부 표면에서 필름을 형성하고 수분을 잡아두는 보습제(휴멕턴트)로 작용할 뿐이다. 즉 '콜라겐이 피부에 흡수되어 탄력을 채워준다'는 마케팅 문구는 분자생물학적으로 근거가 약하며, 저분자 가수분해 콜라겐 펩타이드만 제한적으로 침투 가능하다.",Collagen Based Materials in Cosmetic Applications: A Review,https://pmc.ncbi.nlm.nih.gov/articles/PMC7578929/,"Materials (Basel, MDPI)",REVIEW,,,,
스쿠알란,피부장벽 강화 및 보습,"스쿠알란 오일 또는 제형 내 함유, 4주 이상 사용 시",4,EXPERT_OPINION,전문가 리뷰(생체모방 지질),"스쿠알란은 인체 피지에 존재하는 스쿠알렌의 수소화 안정형으로, 각질층 지질과 유사한 생체모방(biomimetic) 구조 덕분에 피부장벽 보습제로 오랫동안 사용되어 왔다. 2024년 Journal of Cosmetic Dermatology의 장벽 회복 보습제 리뷰는 스쿠알란을 지질 보충 성분으로 소개하지만, 스쿠알란 단일 성분만을 위약과 비교한 대규모 무작위대조시험은 찾기 어렵고, 근거 대부분은 복합 제형 임상시험이나 피부생리학적 기전 연구, 전문가 합의에 기반한다.",Revitalizing the skin: Exploring the role of barrier repair moisturizers,https://onlinelibrary.wiley.com/doi/full/10.1111/jocd.16171,Journal of Cosmetic Dermatology (Wiley),REVIEW,,,,
자외선차단제(SPF)와 광노화 예방,광노화(주름·색소침착) 예방,"SPF 15 이상 매일 사용, 4년 이상 장기간",4,CLINICAL_EVIDENCE,"무작위대조시험(지역사회 기반, 장기추적)","호주 Nambour 지역 55세 미만 성인 903명을 대상으로 한 무작위대조시험(2013년, Annals of Internal Medicine)은 매일 자외선차단제를 바른 군과 임의로 바른 군을 4.5년간 추적한 결과, 매일 도포군은 피부 노화 징후가 통계적으로 유의하게 증가하지 않은 반면 임의 도포군은 뚜렷하게 노화가 진행돼 약 24%의 상대적 노화 감소 효과가 나타났다. 2023년 발표된 전향적 RCT에서도 표준화된 고차단 자외선차단제 사용군이 1년간 색소침착·주름 악화를 대조군 대비 각각 절반, 3분의 1 수준으로 줄였다. 자외선차단제의 광노화 예방 효과는 화장품 성분 중 근거가 가장 탄탄한 축에 속한다.",Sunscreen and prevention of skin aging: a randomized trial,https://pubmed.ncbi.nlm.nih.gov/23732711/,Annals of Internal Medicine (PubMed),RCT,Impact on facial skin aging signs of a 1-year standardized photoprotection over a classical skin care routine in skin phototypes II-VI individuals: A prospective randomized trial,https://onlinelibrary.wiley.com/doi/10.1111/jdv.19230,Journal of the European Academy of Dermatology and Venereology (Wiley),RCT
레티닐팔미테이트,주름 개선(비타민A 유도체),화장품에 흔히 쓰이는 저역가 비타민A 에스테르 형태,4,NO_EVIDENCE,체계적 문헌고찰(RCT 9건 분석),"2021년 JCAD 체계적 문헌고찰은 OTC 비타민A(레티놀류) 제품에 관한 이중맹검 RCT 9건을 분석했는데, 이 중 4건은 기제(vehicle) 대비 유의한 차이가 없었고 나머지 5건도 방법론적 결함이 커 '경미한 개선' 정도의 약한 근거에 그쳤다. 레티닐팔미테이트는 활성형 레티노산으로 전환되기까지 2단계 산화 과정을 거쳐야 하고 피부 내 전환 효율이 낮아, 저자는 이를 이론적으로 가장 효과가 약한 형태로 지목했다. 저자는 '고품질 임상시험이 최소 1건이라도 발표되기 전까지는 OTC 레티놀 제품의 주름 개선 효과를 뒷받침할 신뢰할 만한 근거가 거의 없다'고 결론지었다.",Evidence for the Efficacy of Over-the-counter Vitamin A Cosmetic Products in the Improvement of Facial Skin Aging: A Systematic Review,https://jcadonline.com/efficacy-of-over-the-counter-vitamin-a/,Journal of Clinical and Aesthetic Dermatology (JCAD),SYSTEMATIC_REVIEW,,,,
달팽이점액여과물(스네일뮤신),피부 재생 및 잔주름 개선,"달팽이 분비 여과물(SCA) 8~40% 함유, 12주 이상 사용 시",4,PENDING,무작위대조시험(단일 소규모 연구),"2013년 Journal of Drugs in Dermatology에 실린 이중맹검 스플릿페이스 RCT(안면 광노화 환자 25명)에서 Cryptomphalus aspersa 달팽이 분비 여과물 함유 유화제(8%)와 세럼(40%)을 한쪽 얼굴에, 위약을 반대쪽에 12주간 도포한 결과 눈가 잔주름이 위약 대비 유의하게 개선됐다(p=.03). 그러나 이는 단일 소규모 연구(n=25)이며 참가자들이 전반적 피부질 차이는 주관적으로 크게 인지하지 못했다는 한계도 있어, 독립적인 대규모 재현 연구가 필요한 단계다.",The Effects of Filtrate of the Secretion of the Cryptomphalus aspersa on Photoaged Skin,https://jddonline.com/articles/the-effects-of-filtrate-of-the-secretion-of-the-emcryptomphalus-aspersaem-on-photoaged-skin-S1545961613P0453X/,Journal of Drugs in Dermatology (JDDonline),RCT,,,,
보툴리눔톡신(보톡스) 시술,미간·눈가 주름 개선,"중등도~중증 미간 주름(글라벨라 라인) 환자, 반복 시술 시 효과 유지",5,CLINICAL_EVIDENCE,메타분석(무작위 위약대조 이중맹검 RCT),"2015년 발표된 메타분석은 위약대조·이중맹검 RCT 7편(총 1,474명)을 종합해 보툴리눔톡신A 주사가 위약군 대비 미간 주름 개선율을 유의하게 높인다는 것을 확인했다(효과 상대위험도 33.54). 2022년 네트워크 메타분석은 여러 보툴리눔톡신 제제(오나보툴리눔톡신 등)를 비교해 모든 제제가 위약보다 유의하게 우수함을 재확인했다. 효과는 대개 3~4개월 정도 지속되며 반복 주사가 필요하다는 한계가 있다.","Efficacy and Safety of Botulinum Toxin Type A in the Treatment of Glabellar Lines: A Meta-Analysis of Randomized, Placebo-Controlled, Double-Blind Trials",https://pubmed.ncbi.nlm.nih.gov/26313835/,Plastic and Reconstructive Surgery,META_ANALYSIS,Efficacy and Safety of Botulinum Toxin Type A for Treatment of Glabellar Lines: A Network Meta-Analysis of Randomized Controlled Trials,https://pubmed.ncbi.nlm.nih.gov/36097079/,Aesthetic Plastic Surgery,META_ANALYSIS
히알루론산 필러 시술,팔자주름(비순구) 볼륨 개선,"중등도~중증 비순구 주름 성인, 필러 종류(단상형/이상형)에 따라 효과·부작용 차이 있음",5,CLINICAL_EVIDENCE,"체계적 문헌고찰(메타분석, RCT 18편 포함)","무작위대조시험 18편(2,521명)과 임상시험 7편(346명)을 종합한 메타분석에서 히알루론산 필러는 6개월 시점 주름중증도척도(WSRS) 점수를 평균 1.21점 개선시켜 안전성과 효과성이 확인되었다. 다만 단상형 필러가 이상형보다 효과가 우수했고, 일부 제품(Juvederm 계열)은 효과가 큰 대신 이상반응 발생률도 유의하게 높아 제품별 효과-안전성 트레이드오프가 존재한다.",Safety and efficacy of hyaluronic acid for the correction of nasolabial folds: a meta-analysis,https://www.ncbi.nlm.nih.gov/books/NBK231662/,"NCBI Bookshelf (Database of Abstracts of Reviews of Effects, DARE)",META_ANALYSIS,,,,
프락셔널 CO2 레이저(프락셀) 시술,여드름 흉터(위축성 반흔) 개선,"안면 위축성 여드름 흉터, 히알루론산 드레싱 병행 시 효과 증대",5,CLINICAL_EVIDENCE,체계적 문헌고찰 및 메타분석(RCT 6편),2023년 Lasers in Medical Science에 발표된 메타분석은 RCT 6편(총 623명)을 분석해 프락셔널 CO2 레이저와 히알루론산 드레싱 병행요법이 레이저 단독보다 ECCA 흉터점수를 더 크게 낮추고 환자 만족도도 높였으며 색소침착 부작용은 오히려 더 낮았다고 보고했다. 다만 개별 연구 수가 적고 아시아인 대상 연구 비중이 높아 인종별 일반화에는 제한이 있다.,Efficacy of fractional CO2 laser therapy combined with hyaluronic acid dressing for treating facial atrophic acne scars: a systematic review and meta-analysis of randomized controlled trials,https://pubmed.ncbi.nlm.nih.gov/37723352/,Lasers in Medical Science,META_ANALYSIS,,,,
Q스위치 레이저 토닝 시술,기미(황갈반) 색소침착 개선,"기미 환자, 병용요법(트라넥삼산 등) 시 효과 상승, 재발·반동 색소침착 위험 존재",5,EXPERT_OPINION,네트워크 메타분석(RCT 59편),"2021년 발표된 네트워크 메타분석은 기미 치료법 14종을 비교한 RCT 59편(2,812명)을 종합해 1064nm Q스위치 Nd:YAG 레이저(레이저 토닝)가 SUCRA 85.0%로 효과 순위 1위를 차지했다고 보고했다. 그러나 저자들은 이상반응 발생률이 21.5%로 경구 트라넥삼산(17.6%)보다 높고, 색소세포 자극에 따른 반동성 색소침착(rebound hyperpigmentation) 위험이 문헌에서 반복적으로 지적된다고 명시했다. 단독요법보다 병용요법이 우수한 연구가 87%에 달해 단독 시술만의 효과는 제한적일 수 있다.",Comparison of the Efficacy of Melasma Treatments: A Network Meta-Analysis of Randomized Controlled Trials,https://pmc.ncbi.nlm.nih.gov/articles/PMC8511390/,Frontiers in Medicine,META_ANALYSIS,,,,
HIFU(고강도집속초음파) 리프팅 시술,피부 처짐(안면·목) 개선 및 리프팅,"경도~중등도 피부 이완, 비침습 시술 중 상대적으로 근거 수준 높음",5,CLINICAL_EVIDENCE,체계적 문헌고찰(무작위 및 비무작위 연구 포함),"Aesthetic Surgery Journal에 게재된 체계적 문헌고찰은 HIFU의 피부 리프팅·타이트닝 효과를 다룬 연구 12편(무작위 3편, 비무작위 9편)을 분석해 하안면·목·눈가 부위에서 피부 이완도가 18~30% 개선되었다고 보고했다. 중대 이상반응은 드물었으며(5% 미만에서 일과성 홍반·부종), FDA 승인 근거로도 활용되는 기술이지만 포함된 무작위 연구 수가 적어 근거 수준은 완전하지 않다.",A Systematic Review of High-Intensity Focused Ultrasound in Skin Tightening and Body Contouring,https://pubmed.ncbi.nlm.nih.gov/40184185/,Aesthetic Surgery Journal,SYSTEMATIC_REVIEW,,,,
고주파(RF) 리프팅 시술,피부 탄력·처짐 개선,"비침습 고주파 기기(모노폴라/바이폴라), 전문 시술 기준",5,EXPERT_OPINION,"체계적 문헌고찰(연구 15편, GRADE-CERQual 등급 '보통')","2025년 Aesthetic Surgery Journal Open Forum에 발표된 체계적 문헌고찰은 고주파 안면 리프팅 관련 연구 15편(1,230명)을 분석해 피부 결·탄력이 각각 71~100%, 52.9~100% 환자에서 개선되고 환자 만족도가 82~100%로 높다고 보고했다. 다만 포함 연구의 11/15가 대조군 없는 사례군 연구였고 RCT는 단 1편에 불과했으며, 다수 연구가 기기 제조사 후원을 받아 GRADE-CERQual 기준 신뢰도는 '보통(moderate)'으로 평가되었다. 시술 후 다운타임을 정량 보고한 연구는 전무했다.","Radiofrequency-Based Treatments for Facial Rejuvenation: A Systematic Review of Efficacy, Safety, and Patient-Centered Outcomes",https://pmc.ncbi.nlm.nih.gov/articles/PMC12715571/,Aesthetic Surgery Journal Open Forum,SYSTEMATIC_REVIEW,,,,
"마이크로니들링(콜라겐 유도 시술, CIT)",여드름 흉터 개선,"위축성 여드름 흉터, 단독요법 기준",5,CLINICAL_EVIDENCE,메타분석(RCT 12편),Aesthetic Plastic Surgery에 발표된 메타분석은 RCT 12편(414명)을 종합해 마이크로니들링 단독요법이 여드름 흉터를 객관적으로 유의하게 개선시켰다고(평균차 0.42) 보고했다. 2021년 다른 체계적 문헌고찰도 단독 또는 병용 시 위축성 흉터에 효과적이며 중대 이상반응이 없었다고 확인했다. 다만 개선 폭이 레이저 등 타 시술 대비 크지 않아 중등도 개선에 그치는 경우가 많다.,Microneedling Monotherapy for Acne Scar: Systematic Review and Meta-Analysis of Randomized Controlled Trials,https://pubmed.ncbi.nlm.nih.gov/35426044/,Aesthetic Plastic Surgery,META_ANALYSIS,Microneedling in the treatment of atrophic scars: A systematic review of randomised controlled trials,https://pubmed.ncbi.nlm.nih.gov/33538106/,International Wound Journal,SYSTEMATIC_REVIEW
PDRN(연어주사) 시술,피부 재생 및 탄력 개선,"근거 대부분 소규모 연구, 서술적 문헌고찰 수준",5,PENDING,서술적 문헌고찰(체계적 메타분석 아님),"2025년 Biomolecules에 발표된 종설은 PDRN/폴리뉴클레오티드가 섬유아세포를 자극해 콜라겐 합성과 혈관신생을 촉진한다는 기전을 설명하지만, 이는 체계적 문헌고찰이 아닌 서술적(narrative) 리뷰로 개별 임상시험의 방법론적 질, 표본 크기, 대조군 설계를 체계적으로 평가하지 않는다. 저자들은 PDRN과 PN을 직접 비교한 임상자료가 제한적이라고 인정했으며, 다수 저자가 관련 제조사에 소속되어 있어 이해상충이 존재한다. 효과 가능성은 있으나 고품질 근거는 아직 부족한 단계다.","From Polydeoxyribonucleotides (PDRNs) to Polynucleotides (PNs): Bridging the Gap Between Scientific Definitions, Molecular Insights, and Clinical Applications of Multifunctional Biomolecules",https://pmc.ncbi.nlm.nih.gov/articles/PMC11764130/,Biomolecules,REVIEW,,,,
PDO 실 리프팅 시술,피부 처짐 개선,"흡수성 폴리디옥사논(PDO) 실 사용, 장기 지속효과는 불확실",5,EXPERT_OPINION,증례보고 및 체계적 문헌고찰,"2023년 Journal of Cosmetic Dermatology에 실린 증례보고 겸 체계적 문헌고찰은 PDO 실 리프팅이 '거의 연구되지 않은' 시술이라고 지적하며, 10년간 발표된 문헌 중 포함 기준을 충족한 임상연구가 20편에 불과하고 최근 새로운 근거도 부족하다고 결론지었다. 다른 검토에서도 효과 지속기간(durability)이 불명확하다고 평가되며, 부작용은 대체로 경미(통증·부기)하지만 육아종·실 이동·신경손상 등도 보고된다. 시술 자체는 널리 쓰이지만 장기 효과를 뒷받침하는 고품질 RCT는 부족한 상태다.",Using PDO threads: A scarcely studied rejuvenation technique. Case report and systematic review,https://pubmed.ncbi.nlm.nih.gov/37021458/,Journal of Cosmetic Dermatology,SYSTEMATIC_REVIEW,,,,
리쥬란힐러(PN 스킨부스터) 시술,피부 탄력 및 결 개선,"눈가(안와주위) 부위, 소규모 스플릿페이스 시험 근거",5,PENDING,"무작위대조시험(RCT, 소규모 스플릿페이스)",Journal of Dermatological Treatment에 발표된 무작위·이중맹검·스플릿페이스 시험은 27명을 대상으로 폴리뉴클레오티드(PN) 필러와 히알루론산(HA) 필러를 눈가 좌우에 각각 주입해 비교했다. 전반적 미용개선척도(GAIS)에서 두 군간 유의차는 없었으나 피부결(roughness)과 모공 개선율은 PN 군에서 더 높았다. 표본 크기가 27명으로 매우 작고 단일기관·단기추적(16~28주) 연구여서 효과의 일반화와 장기 지속성은 추가 대규모 연구가 필요하다.,"Comparison of the effects of polynucleotide and hyaluronic acid fillers on periocular rejuvenation: a randomized, double-blind, split-face trial",https://pubmed.ncbi.nlm.nih.gov/32248707/,Journal of Dermatological Treatment,RCT,,,,
가정용 LED 마스크,눈가 잔주름(까치발주름) 개선,"LED(630nm)·적외선(850nm) 병용 가정용 기기, 제조사 후원 단일연구",5,EXPERT_OPINION,무작위 이중맹검 가짜기기대조시험(단일연구),"2025년 Medicine(Baltimore)지에 발표된 다기관 무작위·이중맹검·가짜기기(sham)대조 연구는 30~65세 성인 59명을 대상으로 가정용 LED(630nm)·적외선(850nm) 마스크를 12주간 사용시켜 눈가주름 개선율이 실기기군 86.2%, 가짜기기군 16.7%로 유의한 차이를 보였다고 보고했다. 다만 이 연구는 기기 제조사(Y&J Bio)의 자금 지원을 받았고, 현재까지 가정용 기기를 다룬 독립적 대규모 RCT는 이 연구를 포함해 매우 적어 추가 반복 검증이 필요하다.","Clinical study to evaluate the efficacy and safety of home-used LED and IRED mask for crow's feet: A multi-center, randomized, double-blind, sham-controlled study",https://pmc.ncbi.nlm.nih.gov/articles/PMC11835066/,Medicine (Baltimore),RCT,,,,
가정용 갈바닉 마사지기,피부 리프팅 및 노폐물 배출,가정용 미세전류(갈바닉) 마사지 기기,5,NO_EVIDENCE,근거 부재(체계적 문헌고찰 상 RCT 부족),"2024년 Clinical, Cosmetic and Investigational Dermatology에 발표된 가정용 미용기기(고주파·LED·미세전류 포함) 효능평가 체계적 문헌고찰은 미세전류(갈바닉) 계열 기기를 다룬 연구가 매우 적다고('연구 보고가 상대적으로 드물다') 지적했다. 전체 18편 중 무작위대조시험은 5편뿐이었고 50명 이상 표본을 확보한 연구는 3편에 불과했으며 최장 추적기간도 12주에 그쳐 '유효성 자료가 불충분하다'고 결론지었다. '리프팅', '노폐물 배출' 등 갈바닉 마사지기의 마케팅 문구를 직접 뒷받침하는 임상 근거는 현재까지 확인되지 않는다.",Development of Home Beauty Devices for Facial Rejuvenation: Establishment of Efficacy Evaluation System,https://pmc.ncbi.nlm.nih.gov/articles/PMC10929553/,"Clinical, Cosmetic and Investigational Dermatology",SYSTEMATIC_REVIEW,,,,
EMS 복부 마사지기(가정용),체지방 감소,운동 병행 없이 EMS 단독 사용 기준,5,COUNTER_EVIDENCE,"메타분석(RCT 16편, 897명)","Frontiers in Physiology에 발표된 전신 전기근육자극(WB-EMS) 메타분석은 RCT 16편(897명)을 종합한 결과 체지방 변화의 표준화 평균차가 -0.40(95% CI -0.98~0.17)으로 통계적으로 유의하지 않았다고 보고했다. 근력·근육량 개선은 유의했던 것과 대조적으로 체지방 감소 효과는 입증되지 않았으며, 저자들은 이질성이 커 '체지방 관련 결과는 신중히 해석해야 한다'고 명시했다. 가정용 저강도 EMS 복부벨트는 이 연구의 전신·전문가용 기기보다 자극 강도가 낮아 체지방 감소 효과를 기대하기는 더욱 어렵다.",Efficacy of Whole-Body Electromyostimulation (WB-EMS) on Body Composition and Muscle Strength in Non-athletic Adults. A Systematic Review and Meta-Analysis,https://pmc.ncbi.nlm.nih.gov/articles/PMC7952886/,Frontiers in Physiology,META_ANALYSIS,,,,
냉동지방분해술(쿨스컬프팅),부분 체지방 감소,"FDA 승인 프로토콜(다회 시술 기준), 단일 세션·프로토콜에 따라 결과 상이",5,CLINICAL_EVIDENCE,메타분석(연구 10편) + FDA 승인 근거,"2025년 World Journal of Plastic Surgery에 발표된 메타분석은 연구 10편(285명, RCT 2편 포함)을 종합해 냉동지방분해술이 체지방두께를 평균 3.56mm, 둘레를 평균 3.45cm 유의하게 감소시켰다고 보고했으나 체중 자체는 유의한 변화가 없었다. 다만 포함 연구 대부분이 무작위배정이나 대조군이 없었고 이질성(I²)이 최대 95%에 달했다. 2020년 Brazilian Journal of Physical Therapy의 RCT(여성 34명)는 1회 세션(-10℃, 50분) 프로토콜만으로는 초음파·캘리퍼·둘레 측정 모두에서 대조군과 유의한 차이가 없었다고 보고해, 세션 횟수·프로토콜에 따라 결과가 크게 달라질 수 있음을 보여준다.",Effectiveness of Cryolipolysis in Body Contouring and Fat Reduction: A Systematic Review and Meta-analysis,https://pmc.ncbi.nlm.nih.gov/articles/PMC12843028/,World Journal of Plastic Surgery,META_ANALYSIS,Effects of cryolipolysis on lower abdomen fat thickness of healthy women and patient satisfaction: a randomized controlled trial,https://pmc.ncbi.nlm.nih.gov/articles/PMC7563801/,Brazilian Journal of Physical Therapy,RCT
PRP(혈소판풍부혈장) 주사 시술,피부 재생 및 피부결 개선,"안면 피부 노화, 병용요법(마이크로니들링 등) 연구가 다수",5,PENDING,"메타분석(RCT 9편, 소규모)","Aesthetic Surgery Journal Open Forum에 발표된 메타분석은 RCT 9편(358명)을 종합해 PRP 시술이 대조군 대비 주관적 만족도(RR 1.34)와 객관적 평가지표(RR 1.42) 모두 유의하게 개선시켰다고 보고했다. 그러나 저자들은 개별 연구의 표본 크기가 작고 추적기간이 짧으며, PRP 제조·주입 프로토콜이 연구마다 표준화되어 있지 않아 결과 비교가 어렵다는 한계를 명시했다. 대다수 연구가 PRP를 마이크로니들링 등과 병용한 것이어서 PRP 단독 효과를 분리하기 어렵다.",Meta-Analysis of the Efficacy of Platelet-Rich Plasma in Treating Skin Aging,https://pmc.ncbi.nlm.nih.gov/articles/PMC12894766/,Aesthetic Surgery Journal Open Forum,META_ANALYSIS,,,,
